-- phpMyAdmin SQL Dump
-- version 4.0.4
-- http://www.phpmyadmin.net
--
-- Host: localhost
-- Generation Time: May 07, 2015 at 04:02 PM
-- Server version: 5.6.12-log
-- PHP Version: 5.4.12

SET SQL_MODE = "NO_AUTO_VALUE_ON_ZERO";
SET time_zone = "+00:00";


/*!40101 SET @OLD_CHARACTER_SET_CLIENT=@@CHARACTER_SET_CLIENT */;
/*!40101 SET @OLD_CHARACTER_SET_RESULTS=@@CHARACTER_SET_RESULTS */;
/*!40101 SET @OLD_COLLATION_CONNECTION=@@COLLATION_CONNECTION */;
/*!40101 SET NAMES utf8 */;

--
-- Database: `pokemon`
--
CREATE DATABASE IF NOT EXISTS `pokemon` DEFAULT CHARACTER SET utf8 COLLATE utf8_general_ci;
USE `pokemon`;

-- --------------------------------------------------------

--
-- Table structure for table `attack`
--

CREATE TABLE IF NOT EXISTS `attack` (
  `id` int(11) NOT NULL AUTO_INCREMENT,
  `name` varchar(255) NOT NULL,
  `desc` text NOT NULL,
  `id_type` int(11) NOT NULL,
  PRIMARY KEY (`id`),
  KEY `id_type` (`id_type`)
) ENGINE=InnoDB  DEFAULT CHARSET=utf8 AUTO_INCREMENT=4 ;

--
-- Dumping data for table `attack`
--

INSERT INTO `attack` (`id`, `name`, `desc`, `id_type`) VALUES
(1, 'Bubble', 'Bubble deals damage and has a 10% chance of lowering the target''s Speed by one stage.', 2),
(2, 'Ember', 'Ember deals damage and has a 10% chance of burning the target.', 1),
(3, 'Vine Whip', 'Vine Whip deals damage with no additional effect.', 3);

-- --------------------------------------------------------

--
-- Table structure for table `pokemon`
--

CREATE TABLE IF NOT EXISTS `pokemon` (
  `id` int(11) NOT NULL AUTO_INCREMENT,
  `name` varchar(255) NOT NULL,
  `image` blob NOT NULL,
  `id_type_1` int(11) NOT NULL,
  `id_type_2` int(11) DEFAULT NULL,
  `id_parent` int(11) DEFAULT NULL,
  `level_evolution` int(11) DEFAULT NULL,
  PRIMARY KEY (`id`),
  KEY `id_parent` (`id_parent`),
  KEY `id_type_1` (`id_type_1`),
  KEY `id_type_2` (`id_type_2`),
  KEY `id_parent_2` (`id_parent`)
) ENGINE=InnoDB  DEFAULT CHARSET=utf8 AUTO_INCREMENT=11 ;

--
-- Dumping data for table `pokemon`
--

INSERT INTO `pokemon` (`id`, `name`, `image`, `id_type_1`, `id_type_2`, `id_parent`, `level_evolution`) VALUES
(2, 'bulbasaur', 0x89504e470d0a1a0a0000000d4948445200000028000000280803000000bb20485f000000097048597300000b1300000b1301009a9c18000000206348524d00007a25000080830000f9ff000080e9000075300000ea6000003a980000176f925fc54600000300504c5445ffffff313131427339639c63313231525352629a623233326bad527bce7b528c52333435323334528b5242743a515151659d656aab516aac5151525179cb797acc797acd7a518b51fbfbfb525252ba4941bbbcbbe44941545454fcfdfcfefcfcffffff518a513333337acc7a629b626aac524372392727272828282929292a2a2a2b2b2b2c2c2c2d2d2d2e2e2e2f2f2f3030303131313232323333333434343535353636363737373838383939393a3a3a3b3b3b3c3c3c3d3d3d3e3e3e3f3f3f4040404141414242424343434444444545454646464747474848484949494a4a4a4b4b4b4c4c4c4d4d4d4e4e4e4f4f4f5050505151515252525353535454545555555656565757575858585959595a5a5a5b5b5b5c5c5c5d5d5d5e5e5e5f5f5f6060606161616262626363636464646565656666666767676868686969696a6a6a6b6b6b6c6c6c6d6d6d6e6e6e6f6f6f7070707171717272727373737474747575757676767777777878787979797a7a7a7b7b7b7c7c7c7d7d7d7e7e7e7f7f7f8080808181818282828383838484848585858686868787878888888989898a8a8a8b8b8b8c8c8c8d8d8d8e8e8e8f8f8f9090909191919292929393939494949595959696969797979898989999999a9a9a9b9b9b9c9c9c9d9d9d9e9e9e9f9f9fa0a0a0a1a1a1a2a2a2a3a3a3a4a4a4a5a5a5a6a6a6a7a7a7a8a8a8a9a9a9aaaaaaabababacacacadadadaeaeaeafafafb0b0b0b1b1b1b2b2b2b3b3b3b4b4b4b5b5b5b6b6b6b7b7b7b8b8b8b9b9b9babababbbbbbbcbcbcbdbdbdbebebebfbfbfc0c0c0c1c1c1c2c2c2c3c3c3c4c4c4c5c5c5c6c6c6c7c7c7c8c8c8c9c9c9cacacacbcbcbcccccccdcdcdcecececfcfcfd0d0d0d1d1d1d2d2d2d3d3d3d4d4d4d5d5d5d6d6d6d7d7d7d8d8d8d9d9d9dadadadbdbdbdcdcdcdddddddedededfdfdfe0e0e0e1e1e1e2e2e2e3e3e3e4e4e4e5e5e5e6e6e6e7e7e7e8e8e8e9e9e9eaeaeaebebebecececedededeeeeeeefefeff0f0f0f1f1f1f2f2f2f3f3f3f4f4f4f5f5f5f6f6f6f7f7f7f8f8f8f9f9f9fafafafbfbfbfcfcfcfdfdfdfefefeffffffaa33ee270000000174524e530040e6d866000000d14944415478daec93c972c3300c434d409445d94e1c798bbaa55bfaff9fd8437395ea6b3bc1f0f8063320c1a6b9eb4fa96bfa7ddcdcceed1e4e4e6b707b30202139a973fd2920212105b84a86a67fbb2285dbb87206390ed8ae482104a45806cda879883fe05603097cea802dc65806bbd9ec002cd49c8718b1150dfd6a37e9103195d6d33d7c2d665ccd4cbde6ec4b86fd6c668745e5f84192046aa1ad95f3eb48aaaf817e356b9f2e23094c9e74e52b7b92a47a60f28fefd542888878922af27b7dcee3cbb3eceaad88dcbffcdfe97b002cb909ef41bb10e80000000049454e44ae426082, 3, 6, 3, 16),
(3, 'ivysaur', 0x89504e470d0a1a0a0000000d4948445200000028000000280803000000bb20485f000000097048597300000b1300000b1301009a9c18000000206348524d00007a25000080830000f9ff000080e9000075300000ea6000003a980000176f925fc54600000300504c5445ffffff313131429484396b39313231525252528b526bbda5bd525a363636528c5235353552535321736369bba36aab516abaa3396c39bb5259227464e7636b3333334192824193834292836aac523133326abca46bad524495859c3942515251518b51e4626ae5626a396a39fbfbfb313232535252fcfdfd3434346cbba36dbea69a38415452529d3942ba5159515352bbbbbbbbbcbcbc5159333131bdbdbd6aab52237262e6626a439484386a38515151fefcfc3c3c3c3d3d3d3e3e3e3f3f3f4040404141414242424343434444444545454646464747474848484949494a4a4a4b4b4b4c4c4c4d4d4d4e4e4e4f4f4f5050505151515252525353535454545555555656565757575858585959595a5a5a5b5b5b5c5c5c5d5d5d5e5e5e5f5f5f6060606161616262626363636464646565656666666767676868686969696a6a6a6b6b6b6c6c6c6d6d6d6e6e6e6f6f6f7070707171717272727373737474747575757676767777777878787979797a7a7a7b7b7b7c7c7c7d7d7d7e7e7e7f7f7f8080808181818282828383838484848585858686868787878888888989898a8a8a8b8b8b8c8c8c8d8d8d8e8e8e8f8f8f9090909191919292929393939494949595959696969797979898989999999a9a9a9b9b9b9c9c9c9d9d9d9e9e9e9f9f9fa0a0a0a1a1a1a2a2a2a3a3a3a4a4a4a5a5a5a6a6a6a7a7a7a8a8a8a9a9a9aaaaaaabababacacacadadadaeaeaeafafafb0b0b0b1b1b1b2b2b2b3b3b3b4b4b4b5b5b5b6b6b6b7b7b7b8b8b8b9b9b9babababbbbbbbcbcbcbdbdbdbebebebfbfbfc0c0c0c1c1c1c2c2c2c3c3c3c4c4c4c5c5c5c6c6c6c7c7c7c8c8c8c9c9c9cacacacbcbcbcccccccdcdcdcecececfcfcfd0d0d0d1d1d1d2d2d2d3d3d3d4d4d4d5d5d5d6d6d6d7d7d7d8d8d8d9d9d9dadadadbdbdbdcdcdcdddddddedededfdfdfe0e0e0e1e1e1e2e2e2e3e3e3e4e4e4e5e5e5e6e6e6e7e7e7e8e8e8e9e9e9eaeaeaebebebecececedededeeeeeeefefeff0f0f0f1f1f1f2f2f2f3f3f3f4f4f4f5f5f5f6f6f6f7f7f7f8f8f8f9f9f9fafafafbfbfbfcfcfcfdfdfdfefefeffffffb8746b6c0000000174524e530040e6d8660000010b4944415478daec93c97283301044d188d14880d80dd8606c639bac4689b338cbffff574ea9ca01251c7248aadce757dd353d338e73d6ff91626c1a77d3e50f53b8e1749844aa8d6cbbfc96fd90afd8703a74b994bdf05c2be53bfeeb2a95ed514ad9a3dd51c581f0f82a6d8f52f662ee323b48010a0f53d9e396f3a871ed208141447c4aa226e19cd9b94c6b5d1a44314fa22689c62d55511365baac8928107ccda3848d17fd1c6621117de66fd7e305a9e18a88a02602831500181c6fc88f89280b03161300984aeb12f6d66168c176d7005a970860e11c55d4b4d8e4ef4b00ad4bf6f8723fb3eeb90000005301ec1dffbbab50eced6ec60a7bea57d451bbe5c5e5afbec2597f421f03001ff61246f1292dca0000000049454e44ae426082, 3, 6, 4, 32),
(4, 'venusaur', 0x89504e470d0a1a0a0000000d4948445200000028000000280803000000bb20485f000000097048597300000b1300000b1301009a9c18000000206348524d00007a25000080830000f9ff000080e9000075300000ea6000003a980000176f925fc54600000300504c5445ffffff429484525252e76b7363945a3131314a724a4a734a4a744a5152515153523132315253525452526292594292836bbda572b35973b55aa5424aa6424ae46a71e56a72363636e76c73feb3a4ffb5a553515153525130323129796a69bba46abaa36abba36abca443948444958572b45a297b6b92724a313232313332a6434b323331e46a72515252333132353535fbfbfb2a7c6b525353ffc60041938394734aa3424a629359333333343332babababbbbbbbbbcbc297a6a515151e46b73323131e56c735353536dbea6fbb2a3419282fcb3a3fcc401fcfdfdfdb3a3545350fefcfc545353497149ffffff4f4f4f5050505151515252525353535454545555555656565757575858585959595a5a5a5b5b5b5c5c5c5d5d5d5e5e5e5f5f5f6060606161616262626363636464646565656666666767676868686969696a6a6a6b6b6b6c6c6c6d6d6d6e6e6e6f6f6f7070707171717272727373737474747575757676767777777878787979797a7a7a7b7b7b7c7c7c7d7d7d7e7e7e7f7f7f8080808181818282828383838484848585858686868787878888888989898a8a8a8b8b8b8c8c8c8d8d8d8e8e8e8f8f8f9090909191919292929393939494949595959696969797979898989999999a9a9a9b9b9b9c9c9c9d9d9d9e9e9e9f9f9fa0a0a0a1a1a1a2a2a2a3a3a3a4a4a4a5a5a5a6a6a6a7a7a7a8a8a8a9a9a9aaaaaaabababacacacadadadaeaeaeafafafb0b0b0b1b1b1b2b2b2b3b3b3b4b4b4b5b5b5b6b6b6b7b7b7b8b8b8b9b9b9babababbbbbbbcbcbcbdbdbdbebebebfbfbfc0c0c0c1c1c1c2c2c2c3c3c3c4c4c4c5c5c5c6c6c6c7c7c7c8c8c8c9c9c9cacacacbcbcbcccccccdcdcdcecececfcfcfd0d0d0d1d1d1d2d2d2d3d3d3d4d4d4d5d5d5d6d6d6d7d7d7d8d8d8d9d9d9dadadadbdbdbdcdcdcdddddddedededfdfdfe0e0e0e1e1e1e2e2e2e3e3e3e4e4e4e5e5e5e6e6e6e7e7e7e8e8e8e9e9e9eaeaeaebebebecececedededeeeeeeefefeff0f0f0f1f1f1f2f2f2f3f3f3f4f4f4f5f5f5f6f6f6f7f7f7f8f8f8f9f9f9fafafafbfbfbfcfcfcfdfdfdfefefeffffff5fdd42450000000174524e530040e6d866000001974944415478daecd4495bdb30100660cf8c65c94e6c8f1c3bb2c412272421401248a00b74a165eb0affffe77030873631692fdc98f3ab6f9e193d92e7bdd60b9511c23342887fb0635158775e5857ce375273e34a8a11a744d69d6f700551bef5edf4f4e7db4ea73bdf04f34e9762c469deb5879d2fcf0ee199c2ba9288f22e11d1bc91dd4bd9120511917565fec39544f1fa3ce65e4a296588535b5ae70eb7f0ce9571205b0d32c440ca1011a7f637ee6f2362d06adae671b598216adf9721eebfd9c6a4fdccce4dc54b9d29adde49192226beef8f8e9a2ec8544b9df9a32c6b6320c3c4975267fe48e9a3a640a5956ea71122266d4c464aaf4b5331f312b50ab1cf0c10a51061a095ce54eb6f0703665e22f699192e294e0120c24067ab81306066660018f0d7da0140b4328cf99cd66ed13b1015d49dd3280598acec7077d6afe14ef16bf814d604cdeeec538f99f9e0e4e11a00a2747c06d187bd8fefd7967871950e163de6a7300018ef343e072384b8ad7b4ec42d8ccfd6baae602184672ef66093fbe3c4c9f0fb70f29f2f56bcfe5b2f528f0300361023dbf2c127110000000049454e44ae426082, 3, 6, NULL, NULL),
(5, 'charmander', 0x89504e470d0a1a0a0000000d4948445200000028000000280803000000bb20485f000000097048597300000b1300000b1301009a9c18000000206348524d00007a25000080830000f9ff000080e9000075300000ea6000003a980000176f925fc54600000300504c5445ffffffd66342333131343230d36241d66341313131f39229f79429353535ad5242343434d36242ab5242545251f69329545453f7e79c363636d66443ae5444bababa525252535251d56242323131303131ab5141d66541dbba82dbbb83debd841a6262f3e49af3f329f49229f59229f5e49a515151f6f429ad5343ae5341f7f529f7f729fbfbfbfdfcfcfefcfc2f2f2f3030303131313232323333333434343535353636363737373838383939393a3a3a3b3b3b3c3c3c3d3d3d3e3e3e3f3f3f4040404141414242424343434444444545454646464747474848484949494a4a4a4b4b4b4c4c4c4d4d4d4e4e4e4f4f4f5050505151515252525353535454545555555656565757575858585959595a5a5a5b5b5b5c5c5c5d5d5d5e5e5e5f5f5f6060606161616262626363636464646565656666666767676868686969696a6a6a6b6b6b6c6c6c6d6d6d6e6e6e6f6f6f7070707171717272727373737474747575757676767777777878787979797a7a7a7b7b7b7c7c7c7d7d7d7e7e7e7f7f7f8080808181818282828383838484848585858686868787878888888989898a8a8a8b8b8b8c8c8c8d8d8d8e8e8e8f8f8f9090909191919292929393939494949595959696969797979898989999999a9a9a9b9b9b9c9c9c9d9d9d9e9e9e9f9f9fa0a0a0a1a1a1a2a2a2a3a3a3a4a4a4a5a5a5a6a6a6a7a7a7a8a8a8a9a9a9aaaaaaabababacacacadadadaeaeaeafafafb0b0b0b1b1b1b2b2b2b3b3b3b4b4b4b5b5b5b6b6b6b7b7b7b8b8b8b9b9b9babababbbbbbbcbcbcbdbdbdbebebebfbfbfc0c0c0c1c1c1c2c2c2c3c3c3c4c4c4c5c5c5c6c6c6c7c7c7c8c8c8c9c9c9cacacacbcbcbcccccccdcdcdcecececfcfcfd0d0d0d1d1d1d2d2d2d3d3d3d4d4d4d5d5d5d6d6d6d7d7d7d8d8d8d9d9d9dadadadbdbdbdcdcdcdddddddedededfdfdfe0e0e0e1e1e1e2e2e2e3e3e3e4e4e4e5e5e5e6e6e6e7e7e7e8e8e8e9e9e9eaeaeaebebebecececedededeeeeeeefefeff0f0f0f1f1f1f2f2f2f3f3f3f4f4f4f5f5f5f6f6f6f7f7f7f8f8f8f9f9f9fafafafbfbfbfcfcfcfdfdfdfefefeffffff96f558440000000174524e530040e6d866000000c74944415478daec93c712c3200c44bd1884ecb82abdf75efefff37270b941724dc67b82e1cd0aa425083afd9cc47b48d42eb5f260968d6a41b848b1ccdc921e30b2cccc1c561b8ddc28b7a1c96b4bd17c033941f3ead9ca52f4f9be504ec3eb6666eb82b25b782a7348cd1bdced119d331b0015293674b751030d28f55d5de8b28f2c810a44e7a16f84d1b62cd28381d280f2ce7a5b167b9325c8122f17cde363598c1220236fb2a2e165bc5af78178fa298344744a271fb90a7e0c9ebdefa24dd4fdef3fd47b00c0140968162c69f30000000049454e44ae426082, 1, NULL, 6, 16),
(6, 'charmeleon', 0x89504e470d0a1a0a0000000d4948445200000028000000280803000000bb20485f000000097048597300000b1300000b1301009a9c18000000206348524d00007a25000080830000f9ff000080e9000075300000ea6000003a980000176f925fc54600000300504c5445ffffffce4a42313131525252f76b4aa54239333131ffffff343131353535f36a49bdbdbdf7d69ccc4a42f7a641d6b57b363636f66a49f76b49cb4941f3f329535151f3a341ce4b42f76d49f7a442545251186363f7f429f7f5293432311f1f1f2020202121212222222323232424242525252626262727272828282929292a2a2a2b2b2b2c2c2c2d2d2d2e2e2e2f2f2f3030303131313232323333333434343535353636363737373838383939393a3a3a3b3b3b3c3c3c3d3d3d3e3e3e3f3f3f4040404141414242424343434444444545454646464747474848484949494a4a4a4b4b4b4c4c4c4d4d4d4e4e4e4f4f4f5050505151515252525353535454545555555656565757575858585959595a5a5a5b5b5b5c5c5c5d5d5d5e5e5e5f5f5f6060606161616262626363636464646565656666666767676868686969696a6a6a6b6b6b6c6c6c6d6d6d6e6e6e6f6f6f7070707171717272727373737474747575757676767777777878787979797a7a7a7b7b7b7c7c7c7d7d7d7e7e7e7f7f7f8080808181818282828383838484848585858686868787878888888989898a8a8a8b8b8b8c8c8c8d8d8d8e8e8e8f8f8f9090909191919292929393939494949595959696969797979898989999999a9a9a9b9b9b9c9c9c9d9d9d9e9e9e9f9f9fa0a0a0a1a1a1a2a2a2a3a3a3a4a4a4a5a5a5a6a6a6a7a7a7a8a8a8a9a9a9aaaaaaabababacacacadadadaeaeaeafafafb0b0b0b1b1b1b2b2b2b3b3b3b4b4b4b5b5b5b6b6b6b7b7b7b8b8b8b9b9b9babababbbbbbbcbcbcbdbdbdbebebebfbfbfc0c0c0c1c1c1c2c2c2c3c3c3c4c4c4c5c5c5c6c6c6c7c7c7c8c8c8c9c9c9cacacacbcbcbcccccccdcdcdcecececfcfcfd0d0d0d1d1d1d2d2d2d3d3d3d4d4d4d5d5d5d6d6d6d7d7d7d8d8d8d9d9d9dadadadbdbdbdcdcdcdddddddedededfdfdfe0e0e0e1e1e1e2e2e2e3e3e3e4e4e4e5e5e5e6e6e6e7e7e7e8e8e8e9e9e9eaeaeaebebebecececedededeeeeeeefefeff0f0f0f1f1f1f2f2f2f3f3f3f4f4f4f5f5f5f6f6f6f7f7f7f8f8f8f9f9f9fafafafbfbfbfcfcfcfdfdfdfefefeffffff9fecd59f0000000174524e530040e6d866000000db4944415478daecd4bb76c4200c0450cd68846d8cd7e4b579e7ff3f730bbb0c364d4e9a557dcf20106076af3fada9d3d53c9e12f6c1e9e96134abf9fd713c59524866357fbde94092591acdac5ebf2f079194a48fadc7e7cbcfb19390ccac5e5fd319dc7a9b3252db41e21e693537764349a1cf41807383bf4b4a927300208d3c8c8424c00109c96a46a34d3ae0ee2b5c025e16342023dcc95256b81cbeb4dc1c113496521c80c39756e04c1ac357c706c1d6a0f7f50700be1f527b3a73040107c0e3fb48d2e800821d0f81115dce38c4dc058de4fd23fadfba0d0086b90659c1f4c2080000000049454e44ae426082, 1, NULL, 7, 36),
(7, 'charizard', 0x89504e470d0a1a0a0000000d4948445200000028000000280803000000bb20485f000000097048597300000b1300000b1301009a9c18000000206348524d00007a25000080830000f9ff000080e9000075300000ea6000003a980000176f925fc54600000300504c5445ffffff313131d66342525252f79429b54239545251d36242f69329f7d673ffffff343230d36241545351333131f39229d36342d6b5634a8372f49229b24138515151f7942abdbdbdfb5938ff5a39ff5c38ffe729363636316b5a353535535151343330d76442353331555352f5932a323232f79329b34239316a59f795293431314a8473fe5a38fee529313232343232ffe429d46342d663413333333434343535353636363737373838383939393a3a3a3b3b3b3c3c3c3d3d3d3e3e3e3f3f3f4040404141414242424343434444444545454646464747474848484949494a4a4a4b4b4b4c4c4c4d4d4d4e4e4e4f4f4f5050505151515252525353535454545555555656565757575858585959595a5a5a5b5b5b5c5c5c5d5d5d5e5e5e5f5f5f6060606161616262626363636464646565656666666767676868686969696a6a6a6b6b6b6c6c6c6d6d6d6e6e6e6f6f6f7070707171717272727373737474747575757676767777777878787979797a7a7a7b7b7b7c7c7c7d7d7d7e7e7e7f7f7f8080808181818282828383838484848585858686868787878888888989898a8a8a8b8b8b8c8c8c8d8d8d8e8e8e8f8f8f9090909191919292929393939494949595959696969797979898989999999a9a9a9b9b9b9c9c9c9d9d9d9e9e9e9f9f9fa0a0a0a1a1a1a2a2a2a3a3a3a4a4a4a5a5a5a6a6a6a7a7a7a8a8a8a9a9a9aaaaaaabababacacacadadadaeaeaeafafafb0b0b0b1b1b1b2b2b2b3b3b3b4b4b4b5b5b5b6b6b6b7b7b7b8b8b8b9b9b9babababbbbbbbcbcbcbdbdbdbebebebfbfbfc0c0c0c1c1c1c2c2c2c3c3c3c4c4c4c5c5c5c6c6c6c7c7c7c8c8c8c9c9c9cacacacbcbcbcccccccdcdcdcecececfcfcfd0d0d0d1d1d1d2d2d2d3d3d3d4d4d4d5d5d5d6d6d6d7d7d7d8d8d8d9d9d9dadadadbdbdbdcdcdcdddddddedededfdfdfe0e0e0e1e1e1e2e2e2e3e3e3e4e4e4e5e5e5e6e6e6e7e7e7e8e8e8e9e9e9eaeaeaebebebecececedededeeeeeeefefeff0f0f0f1f1f1f2f2f2f3f3f3f4f4f4f5f5f5f6f6f6f7f7f7f8f8f8f9f9f9fafafafbfbfbfcfcfcfdfdfdfefefefffffff7e61f040000000174524e530040e6d8660000014c4944415478daecd3c94ec3401084e1aeea1a3b63c771364880710261df97f77f380e5888d8807ce0485f7cf9f4aba7259bfd4f771206baf5dddfc2b43e3a1a2437ebab874132ad5f8e87c293efe4aebd083ecf92eac793e31e8460666919c204b54ab4c9dbb2173c8459aaabeb10c2762195304bf5e3693ff80ac3d9a8c4b2952a61a9ee077569b613cc36cb10b68b2a1f49e541ce49372807740133db2cb78beaa69972a4ea3b284ae780593a58a8ba699a2939ea4a4892744812cf92aa3c9bdf37cd94ccf2493f58902429497acb7c7edf4c99ed274105a1a03b49b9a42a67367fc2783f098944437a00638cee6adf91c65f61bb21e9018618638cadc438f37d1824c2438061f69174cf99e564774502865558813e8bee928b6496b3731ea0fd80a417924b62f7cdfba727e95e7cc036f0830430734afcb9f605931c02cd507035ecf7ff75bdffe9ccfb00bf5612a1bc3fce7a0000000049454e44ae426082, 1, 4, NULL, NULL),
(8, 'squirtle', 0x89504e470d0a1a0a0000000d4948445200000028000000280803000000bb20485f000000097048597300000b1300000b1301009a9c18000000206348524d00007a25000080830000f9ff000080e9000075300000ea6000003a980000176f925fc54600000300504c5445ffffff313131363636519a9a525353529a9a529c9c529c9d72c4f452525231323152535438716a39736b33313054545271c3f331323272c5f573c6f78d542cbbbbbbbc6a21bd6b21d48b29f7e78cfcfcfc3535355151513233348c5229519b9bbb6a21535251535352525251cbab593333338b5229fbfcfc39746dcead5ad38b295152528a512939726af6e68b343434545251f4e48bf3e48accab59fdfdfd3535353636363737373838383939393a3a3a3b3b3b3c3c3c3d3d3d3e3e3e3f3f3f4040404141414242424343434444444545454646464747474848484949494a4a4a4b4b4b4c4c4c4d4d4d4e4e4e4f4f4f5050505151515252525353535454545555555656565757575858585959595a5a5a5b5b5b5c5c5c5d5d5d5e5e5e5f5f5f6060606161616262626363636464646565656666666767676868686969696a6a6a6b6b6b6c6c6c6d6d6d6e6e6e6f6f6f7070707171717272727373737474747575757676767777777878787979797a7a7a7b7b7b7c7c7c7d7d7d7e7e7e7f7f7f8080808181818282828383838484848585858686868787878888888989898a8a8a8b8b8b8c8c8c8d8d8d8e8e8e8f8f8f9090909191919292929393939494949595959696969797979898989999999a9a9a9b9b9b9c9c9c9d9d9d9e9e9e9f9f9fa0a0a0a1a1a1a2a2a2a3a3a3a4a4a4a5a5a5a6a6a6a7a7a7a8a8a8a9a9a9aaaaaaabababacacacadadadaeaeaeafafafb0b0b0b1b1b1b2b2b2b3b3b3b4b4b4b5b5b5b6b6b6b7b7b7b8b8b8b9b9b9babababbbbbbbcbcbcbdbdbdbebebebfbfbfc0c0c0c1c1c1c2c2c2c3c3c3c4c4c4c5c5c5c6c6c6c7c7c7c8c8c8c9c9c9cacacacbcbcbcccccccdcdcdcecececfcfcfd0d0d0d1d1d1d2d2d2d3d3d3d4d4d4d5d5d5d6d6d6d7d7d7d8d8d8d9d9d9dadadadbdbdbdcdcdcdddddddedededfdfdfe0e0e0e1e1e1e2e2e2e3e3e3e4e4e4e5e5e5e6e6e6e7e7e7e8e8e8e9e9e9eaeaeaebebebecececedededeeeeeeefefeff0f0f0f1f1f1f2f2f2f3f3f3f4f4f4f5f5f5f6f6f6f7f7f7f8f8f8f9f9f9fafafafbfbfbfcfcfcfdfdfdfefefeffffff57518d9f0000000174524e530040e6d866000000e04944415478daec935b5383400c85b34bb281d2c2c28102a5a8adb55aef97feffdfe68b0fced8059fb5e72d936f4e267312a2b3fe92ac31e67b11e4a21218bedad6034380f300002d0c11f51e50578c8148af3243bd87f2d3ec14d77b005a02caf74d1695ca72dad17ae0eef6c54379df361b712ce1c95a18af8e5755fb2a8e435b5b0f0c8fe2b83e566db309f81111d9b538e758b83e56cb5130e224f978cee374555d5c9bd164debb2e8f8174bfcc2642dc1db63194a7c07efef0d6e5c2497d3361385fcc76876d226c26ef87ec3a0e85fc63f9c565f1dbb33cffe67fd6e70004fa0df3054591900000000049454e44ae426082, 2, NULL, 9, 16),
(9, 'warturtle', 0x89504e470d0a1a0a0000000d4948445200000028000000280803000000bb20485f000000097048597300000b1300000b1301009a9c18000000206348524d00007a25000080830000f9ff000080e9000075300000ea6000003a980000176f925fc54600000300504c5445ffffff313131525252535353637bce94a5f7a5c6ce363636425a9c515253323234525253323333535354353535647cce6d4c2c92a3f4313233a3c4cc41599ab38349b3b3b3d3e4f4fcfcfc6279cb54545493a4f653535295a6f7627acda3c4ce515151b2b2b23333346b4a29d3e4f3545453d6e7f7f7e7948c6339ffffff8c643b92a3f3445c9d323131313132525151a3c3cb627acc525251313130647bcd333231b3834a657dceb3b4b5cbb251ccb352ceb5526a4a29535251d4e5f66c4b2bf3e492f4e492333333fbfbfb8b6238fcfcfefdfcfb435b9c4848484949494a4a4a4b4b4b4c4c4c4d4d4d4e4e4e4f4f4f5050505151515252525353535454545555555656565757575858585959595a5a5a5b5b5b5c5c5c5d5d5d5e5e5e5f5f5f6060606161616262626363636464646565656666666767676868686969696a6a6a6b6b6b6c6c6c6d6d6d6e6e6e6f6f6f7070707171717272727373737474747575757676767777777878787979797a7a7a7b7b7b7c7c7c7d7d7d7e7e7e7f7f7f8080808181818282828383838484848585858686868787878888888989898a8a8a8b8b8b8c8c8c8d8d8d8e8e8e8f8f8f9090909191919292929393939494949595959696969797979898989999999a9a9a9b9b9b9c9c9c9d9d9d9e9e9e9f9f9fa0a0a0a1a1a1a2a2a2a3a3a3a4a4a4a5a5a5a6a6a6a7a7a7a8a8a8a9a9a9aaaaaaabababacacacadadadaeaeaeafafafb0b0b0b1b1b1b2b2b2b3b3b3b4b4b4b5b5b5b6b6b6b7b7b7b8b8b8b9b9b9babababbbbbbbcbcbcbdbdbdbebebebfbfbfc0c0c0c1c1c1c2c2c2c3c3c3c4c4c4c5c5c5c6c6c6c7c7c7c8c8c8c9c9c9cacacacbcbcbcccccccdcdcdcecececfcfcfd0d0d0d1d1d1d2d2d2d3d3d3d4d4d4d5d5d5d6d6d6d7d7d7d8d8d8d9d9d9dadadadbdbdbdcdcdcdddddddedededfdfdfe0e0e0e1e1e1e2e2e2e3e3e3e4e4e4e5e5e5e6e6e6e7e7e7e8e8e8e9e9e9eaeaeaebebebecececedededeeeeeeefefeff0f0f0f1f1f1f2f2f2f3f3f3f4f4f4f5f5f5f6f6f6f7f7f7f8f8f8f9f9f9fafafafbfbfbfcfcfcfdfdfdfefefeffffff36e098760000000174524e530040e6d8660000012c4944415478daecd4c952c2401006e0e9c9f44c12c81e424242d8c200e282b8226e28eafbbf9187a056691273e3429fbfeeeaaefa670839d4de4ad4746636ac39f0070aa8720beb71b86395b3bfa1c8246fe60d500cb902004464b2abef1a64e164d17710197333abd7dcb94229a21811d1685b3d0572d869e73bfc8273fc82bc49889949c915fa774b3377baaf795cb9be2266263bd42b19c8627df09136e87d6b7ab2e04abbe4963932f5f47576d3086776ebc12b87518c78f47eac6a34b45bd3a5c78b2e2144446ea4a68c35a88346688fce4ae1e0d2ed534aef1207d99bbd5d7ac58e1001443c4f26e3b08b46686f9750198cd53a39bf5568f034baa84ca4afd1cd986ec63478a94ea4af6ab05a278e11c03fd90520a2ef20736b253d5253b7de9b0038fc347bafcf0100828e1977c81d411f0000000049454e44ae426082, 2, NULL, 10, 36),
(10, 'blastoise', 0x89504e470d0a1a0a0000000d4948445200000028000000280803000000bb20485f000000097048597300000b1300000b1301009a9c18000000206348524d00007a25000080830000f9ff000080e9000075300000ea6000003a980000176f925fc54600000300504c5445ffffff525252313131525253527bae7badef3636367aabec527aab527bad5353526b4a296c4b2b79abec5253547aaced3a648d8b6238bbbbb3bbbbb4bdbdb5ceb5526c4a29323233b383495353533131326a4a29515151547dae5152527979793132327a7a79517aac5251517b7b7b3231318a62385179ab8c643afdfdfdb3834a343434353535cbb251ccb352ccb453313130f7e794fbfbfbfcfcfcbabab238628a333231b5844a537bab537cad5454537daeef5454543333338c6339ccb45439638cceb553f4e492f6e692b282495352516b4a2afdfcfbb48349ffffff4a4a4a4b4b4b4c4c4c4d4d4d4e4e4e4f4f4f5050505151515252525353535454545555555656565757575858585959595a5a5a5b5b5b5c5c5c5d5d5d5e5e5e5f5f5f6060606161616262626363636464646565656666666767676868686969696a6a6a6b6b6b6c6c6c6d6d6d6e6e6e6f6f6f7070707171717272727373737474747575757676767777777878787979797a7a7a7b7b7b7c7c7c7d7d7d7e7e7e7f7f7f8080808181818282828383838484848585858686868787878888888989898a8a8a8b8b8b8c8c8c8d8d8d8e8e8e8f8f8f9090909191919292929393939494949595959696969797979898989999999a9a9a9b9b9b9c9c9c9d9d9d9e9e9e9f9f9fa0a0a0a1a1a1a2a2a2a3a3a3a4a4a4a5a5a5a6a6a6a7a7a7a8a8a8a9a9a9aaaaaaabababacacacadadadaeaeaeafafafb0b0b0b1b1b1b2b2b2b3b3b3b4b4b4b5b5b5b6b6b6b7b7b7b8b8b8b9b9b9babababbbbbbbcbcbcbdbdbdbebebebfbfbfc0c0c0c1c1c1c2c2c2c3c3c3c4c4c4c5c5c5c6c6c6c7c7c7c8c8c8c9c9c9cacacacbcbcbcccccccdcdcdcecececfcfcfd0d0d0d1d1d1d2d2d2d3d3d3d4d4d4d5d5d5d6d6d6d7d7d7d8d8d8d9d9d9dadadadbdbdbdcdcdcdddddddedededfdfdfe0e0e0e1e1e1e2e2e2e3e3e3e4e4e4e5e5e5e6e6e6e7e7e7e8e8e8e9e9e9eaeaeaebebebecececedededeeeeeeefefeff0f0f0f1f1f1f2f2f2f3f3f3f4f4f4f5f5f5f6f6f6f7f7f7f8f8f8f9f9f9fafafafbfbfbfcfcfcfdfdfdfefefeffffffd3b620a10000000174524e530040e6d8660000014f4944415478daec93c776c23014442dc94fb2e52e4b744cef60b009a42740faffff50166c6dc7c9c99259df33735e194dbbe8ff457149ae133e9603afa47c2ce3beec84677289314ebf1685d9536b83f16b65b05de034975c3ad5b155bbaed42a03312b00a9033a41f337849abd50cef2a3a90300e032709bbd6128ebf37d1107007e24ecdef0ddaaed73963df100a0ea801f09695bc1670e3731bb8eee55d3b6072e12d20eac609439f18430f01be38ff6fa862084841d3c8d320d090300007dad3842864984b4ad4dd6f56e09d33d78568aa39833dd24c2cecca658a3ad58298e62c50d0f7422e47484b30f4e5b08c54a7106bae71a44d40db39bc9ed1a2ba5d4cbddf61e74621021eb3986bb43744a92234762f6c0fc3e1179df49778728564a71841880dfefe63f24c6ad53921c398362f03cfe4a29ce7ee4344da318e3b46d96eb0f2d6cc25f9a7bd1eff43d00e64f1f186762243c0000000049454e44ae426082, 2, NULL, NULL, NULL);

-- --------------------------------------------------------

--
-- Table structure for table `pokemon_to_attack`
--

CREATE TABLE IF NOT EXISTS `pokemon_to_attack` (
  `id` int(11) NOT NULL AUTO_INCREMENT,
  `id_pokemon` int(11) NOT NULL,
  `id_attack` int(11) NOT NULL,
  `level_attack_unlocked` int(11) NOT NULL,
  PRIMARY KEY (`id`),
  KEY `id_pokemon` (`id_pokemon`,`id_attack`),
  KEY `id_attack` (`id_attack`),
  KEY `id_pokemon_2` (`id_pokemon`)
) ENGINE=InnoDB  DEFAULT CHARSET=utf8 AUTO_INCREMENT=4 ;

--
-- Dumping data for table `pokemon_to_attack`
--

INSERT INTO `pokemon_to_attack` (`id`, `id_pokemon`, `id_attack`, `level_attack_unlocked`) VALUES
(1, 2, 1, 13),
(2, 5, 2, 7),
(3, 8, 3, 9);

-- --------------------------------------------------------

--
-- Table structure for table `trainer`
--

CREATE TABLE IF NOT EXISTS `trainer` (
  `id` int(11) NOT NULL AUTO_INCREMENT,
  `name` varchar(255) NOT NULL,
  `gender` enum('male','female') NOT NULL,
  PRIMARY KEY (`id`)
) ENGINE=InnoDB  DEFAULT CHARSET=utf8 COMMENT='Pokemon trainers' AUTO_INCREMENT=4 ;

--
-- Dumping data for table `trainer`
--

INSERT INTO `trainer` (`id`, `name`, `gender`) VALUES
(1, 'Kévin', 'male'),
(2, 'Pierre-Jean', 'male'),
(3, 'Rémi', 'male');

-- --------------------------------------------------------

--
-- Table structure for table `trainer_to_pokemon`
--

CREATE TABLE IF NOT EXISTS `trainer_to_pokemon` (
  `id` int(11) NOT NULL AUTO_INCREMENT,
  `id_trainer` int(11) NOT NULL,
  `id_pokemon` int(11) NOT NULL,
  `level` tinyint(4) NOT NULL,
  PRIMARY KEY (`id`),
  KEY `id_trainer` (`id_trainer`,`id_pokemon`),
  KEY `id_trainer_2` (`id_trainer`),
  KEY `id_pokemon` (`id_pokemon`)
) ENGINE=InnoDB  DEFAULT CHARSET=utf8 COMMENT='Pokemons owned by trainers' AUTO_INCREMENT=4 ;

--
-- Dumping data for table `trainer_to_pokemon`
--

INSERT INTO `trainer_to_pokemon` (`id`, `id_trainer`, `id_pokemon`, `level`) VALUES
(1, 1, 2, 16),
(2, 2, 5, 16),
(3, 3, 8, 16);

-- --------------------------------------------------------

--
-- Table structure for table `type`
--

CREATE TABLE IF NOT EXISTS `type` (
  `id` int(11) NOT NULL AUTO_INCREMENT,
  `name` varchar(255) NOT NULL,
  PRIMARY KEY (`id`)
) ENGINE=InnoDB  DEFAULT CHARSET=utf8 AUTO_INCREMENT=7 ;

--
-- Dumping data for table `type`
--

INSERT INTO `type` (`id`, `name`) VALUES
(1, 'fire'),
(2, 'water'),
(3, 'grass'),
(4, 'flying'),
(5, 'electric'),
(6, 'poison');

--
-- Constraints for dumped tables
--

--
-- Constraints for table `attack`
--
ALTER TABLE `attack`
  ADD CONSTRAINT `attack_type` FOREIGN KEY (`id_type`) REFERENCES `type` (`id`);

--
-- Constraints for table `pokemon`
--
ALTER TABLE `pokemon`
  ADD CONSTRAINT `pokemon_parent` FOREIGN KEY (`id_parent`) REFERENCES `pokemon` (`id`),
  ADD CONSTRAINT `pokemon_type_1` FOREIGN KEY (`id_type_1`) REFERENCES `type` (`id`),
  ADD CONSTRAINT `pokemon_type_2` FOREIGN KEY (`id_type_2`) REFERENCES `type` (`id`);

--
-- Constraints for table `pokemon_to_attack`
--
ALTER TABLE `pokemon_to_attack`
  ADD CONSTRAINT `pokemon_to_attack_attack` FOREIGN KEY (`id_attack`) REFERENCES `attack` (`id`),
  ADD CONSTRAINT `pokemon_to_attack_pokemon` FOREIGN KEY (`id_pokemon`) REFERENCES `pokemon` (`id`);

--
-- Constraints for table `trainer_to_pokemon`
--
ALTER TABLE `trainer_to_pokemon`
  ADD CONSTRAINT `train_to_pokemon_pokemon` FOREIGN KEY (`id_pokemon`) REFERENCES `pokemon` (`id`),
  ADD CONSTRAINT `train_to_pokemon_trainer` FOREIGN KEY (`id_trainer`) REFERENCES `trainer` (`id`);

/*!40101 SET CHARACTER_SET_CLIENT=@OLD_CHARACTER_SET_CLIENT */;
/*!40101 SET CHARACTER_SET_RESULTS=@OLD_CHARACTER_SET_RESULTS */;
/*!40101 SET COLLATION_CONNECTION=@OLD_COLLATION_CONNECTION */;
